first_name,last_name,address,date_of_birth
Randall,Romero,"89972 Garza Centers, Carlhaven, MT 98359",1972-03-20
Teresa,Whitaker,"435 Lisa Prairie, East Nicoletown, FL 99863",2012-03-18
Scott,Hood,"Unit 8147 Box 0734, DPO AA 27576",1966-09-04
Tristan,Myers,"8975 Daniel Trafficway Suite 193, Baileychester, LA 48548",1950-09-26
Joseph,Obrien,"5353 Kevin Extensions Suite 625, Riverashire, LA 44467",1982-07-02
William,Collins,"18906 Aaron Parkways Suite 297, Dayton, WV 17022",2012-05-21
Tammy,Johnson,"0655 Hernandez Keys Apt. 971, West Emilystad, NH 62478",1920-01-15
Abigail,Brown,"5207 Rebecca Fort Apt. 576, Lake Marc, FL 48671",1969-06-01
Danielle,Wise,"Unit 3276 Box 3636, DPO AE 59925",1922-09-05
Cody,Malone,"USNV Salinas, FPO AE 86476",2001-09-08
Philip,Anderson,"USS Gould, FPO AE 33944",1929-08-03
Julie,Hall,"6843 Thompson Track Apt. 630, Lake Jeffrey, MN 08437",1963-04-09
Amy,Newman,"7090 Amanda Passage, South Janiceton, WA 36078",1915-06-18
Thomas,Brown,"65664 Dennis Run Suite 965, Port Jenniferland, DE 34873",1977-08-23
Melvin,Jones,"Unit 2410 Box 5054, DPO AA 37670",1911-07-09
Brett,Blair,"718 Peters Club, North Eugeneshire, RI 32789",1968-06-16
Michael,Martinez,"61765 Anderson Valleys, Lake Dominic, FM 25769",2020-01-25
Renee,Carroll,"7783 Kathleen Union, South Davefort, VT 49788",1974-07-09
Laura,Brown,"29402 Bryant Plaza, Garciaberg, GA 05175",1975-05-08
Jennifer,Rodriguez,"1311 Mark Junctions, Andreville, MS 61420",1971-01-22
Martha,Garcia,"69938 Tiffany Trafficway Suite 779, Emilyland, SD 44830",1944-03-22
Angela,Ward,"Unit 1317 Box 9683, DPO AA 51057",1960-06-26
Brad,Gay,"411 Chambers Row, South Emily, SD 15581",2020-12-23
Andrea,Mcneil,"32800 Baker Manor Suite 121, North Linda, AZ 61982",1920-01-14
Karen,Hurst,"457 Todd Trace, Yoderburgh, PA 13385",1981-05-29
Timothy,Gross,"17134 Crawford Camp Apt. 545, Brentberg, GU 40582",1932-06-27
Alyssa,Townsend,"6841 Wayne Coves, New Peter, PW 61621",1971-12-17
Laura,Adams,"9664 Thomas Parks Apt. 739, South Phyllisburgh, MD 32701",1929-04-15
Katherine,Barker,"998 Jasmin Valleys Suite 660, Gregoryburgh, AS 51809",2010-03-18
Kelli,Mendez,"5830 Richard Course, North David, MP 34912",1913-11-05
Kim,Henry,"161 Brown Path Suite 977, South Crystalstad, AZ 37746",1997-09-18
Karen,Munoz,"877 Taylor Camp, Brandonchester, HI 80850",1927-04-18
Adam,Murphy,"008 Elizabeth Cove, South Janetbury, MA 65728",2014-06-09
Mark,Anderson,"1526 Martinez Turnpike Suite 333, Scottside, NE 05516",1961-11-14
Christine,Jones,"536 Velasquez Landing Apt. 939, Grantside, ID 74847",1994-08-04
David,Harvey,"6386 Douglas Extensions Suite 362, East Katiefort, ND 74825",1930-03-26
Tammy,Powell,"8700 Kennedy Dam, Monicaborough, ME 63944",2003-07-18
Michael,Marsh,"594 King Stravenue, Maryborough, MN 14848",1989-01-30
Ronald,Smith,"PSC 1621, Box 3161, APO AE 34335",1943-12-04
Manuel,Wall,"733 Reed Glens Suite 932, Belindaside, AZ 67465",2018-02-06
Gabriel,Dillon,"83066 Mckinney Pike, North Amy, WI 21605",1987-03-14
Lindsey,Turner,"72755 Amy Stream Apt. 766, North Jameschester, PR 94107",2000-02-14
Timothy,Patel,"128 Laura Extensions Apt. 950, Port Howard, AS 32739",1967-12-21
Julie,Hart,"14565 Erickson Court Suite 303, Lake Marthaville, MP 37939",1988-01-01
Dustin,Robinson,"06144 Jennifer Throughway Suite 746, West Brianfort, WI 89194",2014-08-18
Timothy,Vaughn,"551 Tammy Fords, North Tammy, ND 48000",1931-11-11
Brenda,Golden,"0785 Day Union Suite 253, East Patrick, DE 76949",1933-03-31
John,Thompson,"40929 Melissa Locks, Port Joshua, VT 75823",2019-11-04
Justin,Gregory,"897 Maria Spring Apt. 935, West David, AZ 09183",1953-12-04
Kevin,Johnson,"8759 Kimberly Rue Apt. 813, Manningport, MN 41732",1934-03-14
Emily,Harrison,"787 Lara Pass Apt. 967, West Kristen, AS 21661",1992-01-16
Kyle,Reed,"823 Paul Inlet, East Andrew, CA 33122",1933-12-24
Roberta,Rose,"USNV Patrick, FPO AP 42908",1934-07-23
Melissa,Robinson,"8919 Anderson Forges, South Stephaniechester, ND 36387",1979-03-09
Jennifer,Fry,"0203 Estes Mall Suite 361, Lake Catherine, UT 46621",1977-04-24
Phillip,Wallace,"00888 Berger Isle Suite 337, Port Jacquelinemouth, PA 70889",1976-07-18
Heidi,Hughes,"0781 Ellen Branch, Jasonview, WY 02821",1949-02-18
James,Williams,"581 Quinn Shoal Suite 331, Francoport, KY 11659",1920-04-26
Emily,Wagner,"56890 John Prairie Suite 361, East Susanburgh, NJ 04467",1926-08-04
David,Cooper,"PSC 4789, Box 4997, APO AA 75130",1917-08-13
Joseph,Martin,"374 Wiley Trafficway, Richardville, WY 32651",2024-03-05
Alexis,Dixon,"75032 Kelsey Underpass, West Davidmouth, FL 98399",1913-09-26
Michael,Reynolds,"305 Hammond Summit Suite 432, North Jamesstad, NY 29574",1968-01-29
Annette,Myers,"3443 Melinda Drives Apt. 580, North Jesse, NC 48572",1977-03-24
Kelli,Walker,"3743 Kevin Squares, South Melissa, MP 51374",1956-12-26
Aaron,Mcgee,"6195 Arthur Stravenue Apt. 169, Lake Elizabethburgh, MD 17028",2020-03-08
Christina,Dillon,"8167 Hudson Fords Suite 792, Bernardton, TX 64986",1981-01-02
Patricia,Wright,"29983 Allison Route Apt. 646, South Timothychester, WI 07379",1952-11-13
Vicki,Gray,"3727 Randy Turnpike, Diamondtown, NE 11458",1950-04-02
Carrie,Russell,"PSC 3032, Box 6357, APO AP 90735",1927-12-19
Monique,Russell,"53090 Zachary Oval Apt. 070, North Kevin, VA 26920",1924-01-18
Maria,Miller,"15838 Jessica Ferry, South Amberburgh, WY 77690",2007-03-29
Laurie,Pierce,"6950 Guerra Bridge, Pamelaside, TX 07548",1956-03-31
Daniel,Moore,"46345 Wilson Glen, North Jordan, KY 41102",1990-12-08
Felicia,Hamilton,"45237 Wagner Station, East Kellyberg, TX 16738",1937-02-06
Christie,Smith,"PSC 8005, Box 8462, APO AP 85693",1937-01-23
Cynthia,Lopez,"6878 Charlene Dam Suite 982, Beckybury, MD 04692",1954-12-18
Kristina,Jones,"44941 Carl Cliffs, Kevinhaven, ME 22471",1945-06-18
Lisa,Campbell,"4608 Larry Mountain Apt. 052, Ericchester, WY 20072",1971-05-25
Robert,Wilson,"3772 Jon Parks, East Christopherville, UT 94468",1917-07-10
Valerie,Webb,"31985 Tracy Oval, New Jimmyfort, AS 56541",1955-05-08
Jennifer,Smith,"PSC 0602, Box 9660, APO AP 89886",1920-04-26
Juan,Clark,"98680 Anthony Harbors, Myersside, PR 73159",1948-06-10
Megan,Sellers,"642 Courtney Freeway Suite 667, New Andrew, WI 47072",1916-01-01
Natalie,Waters,"928 Frederick Parkway, Carolynside, KY 89007",1924-11-03
Erin,Hall,"3721 Mcintosh Ports, Kristenside, OK 17904",1921-10-12
Kenneth,Ryan,"701 Amanda Islands Suite 095, North Kellyside, ND 85435",1944-01-22
Mandy,Kim,"USNS Marsh, FPO AP 90349",1927-01-22
David,Evans,"31844 Kathryn Highway, North Victor, GU 09442",1975-03-31
Richard,Carr,"PSC 9745, Box 5095, APO AP 56836",1984-10-27
Andrea,Ramirez,"642 Matthew Ports, East Matthewstad, VI 52167",1983-01-27
Mark,Nielsen,"15150 Linda Junction, West Jamesshire, MD 34549",2017-09-05
Mark,Carson,"51601 Benjamin Heights Suite 308, Port Charles, NY 46733",1932-02-27
Tracy,Ross,"5466 Larry Forge, Matthewside, KS 11805",2010-08-05
Eric,Campbell,"9965 Jessica Pine, Lake David, MP 15159",2013-08-24
Juan,Harrison,"USCGC Mclean, FPO AA 63045",2019-05-07
Kathleen,Lopez,"3528 Carolyn Ports Suite 597, North Rachel, OR 48233",1975-05-19
Tyler,Green,"5418 Washington Groves Suite 339, Port Rhonda, WI 64749",2002-01-06
Kevin,Shea,"044 Mitchell Rapid Suite 371, Marychester, NE 11999",1985-04-22
Kimberly,Nelson,"285 Nancy Unions Apt. 271, New Lisamouth, GU 70158",1965-07-25
